shot_id,provider,provider_id,page_url,file_url,width,height,clip_duration_sec,trim_start_sec,author,search_used,notes
B001,pixabay,,,,,,,,,,No suitable Pixabay clip found; needs manual stock or Pexels
B002a,pixabay,,,,,,,,,,No suitable Pixabay clip found; needs manual stock or Pexels
B002b,pixabay,,,,,,,,,,No suitable Pixabay clip found; needs manual stock or Pexels
B002c,pixabay,,,,,,,,,,No suitable Pixabay clip found; needs manual stock or Pexels
B003,pixabay,166808,https://pixabay.com/videos/id-166808/,https://cdn.pixabay.com/video/2023/06/11/166808-835670743_large.mp4,1920,1080,8,0.5,AndyWolares,carpenter,Pixabay only (Pexels not searched). Chosen by eye from search thumbnails
B004a,pixabay,,,,,,,,,,No suitable Pixabay clip found; needs manual stock or Pexels
B004b,pixabay,,,,,,,,,,No suitable Pixabay clip found; needs manual stock or Pexels
B005a,pixabay,83875,https://pixabay.com/videos/id-83875/,https://cdn.pixabay.com/video/2021/08/04/83875-584870588_large.mp4,1920,1080,15,0.5,SYG_Anime,office worker stress,Pixabay only (Pexels not searched). Chosen by eye from search thumbnails
B005b,pixabay,83874,https://pixabay.com/videos/id-83874/,https://cdn.pixabay.com/video/2021/08/04/83874-584870586_large.mp4,1920,1080,16,0.5,SYG_Anime,office worker stress,Pixabay only (Pexels not searched). Chosen by eye from search thumbnails
B006,pixabay,86866,https://pixabay.com/videos/id-86866/,https://cdn.pixabay.com/video/2021/08/30/86866-594991232_large.mp4,1920,1080,10,0.5,atiqurrahman0047,comfort,Pixabay only (Pexels not searched). Chosen by eye from search thumbnails
B007,pixabay,,,,,,,,,,No suitable Pixabay clip found; needs manual stock or Pexels
B008a,pixabay,263588,https://pixabay.com/videos/id-263588/,https://cdn.pixabay.com/video/2025/03/09/263588_large.mp4,3840,2160,10,0.5,TimePROTV,calculator money,Pixabay only (Pexels not searched). Chosen by eye from search thumbnails
B008b,pixabay,20857,https://pixabay.com/videos/id-20857/,https://cdn.pixabay.com/video/2019/01/20/20857-312437286_large.mp4,3840,2160,23,0.5,RoyBuri,elderly money,Pixabay only (Pexels not searched). Chosen by eye from search thumbnails
B008c,pixabay,153460,https://pixabay.com/videos/id-153460/,https://cdn.pixabay.com/video/2023/03/06/153460-805688493_large.mp4,1920,1080,9,0.5,34168960,income tax,Pixabay only (Pexels not searched). Chosen by eye from search thumbnails
B009,pixabay,,,,,,,,,,No suitable Pixabay clip found; needs manual stock or Pexels
B010a,pixabay,172681,https://pixabay.com/videos/id-172681/,https://cdn.pixabay.com/video/2023/07/21/172681-849651720_large.mp4,1920,1080,11,0.5,Eaktas06,old couple table,Pixabay only (Pexels not searched). Chosen by eye from search thumbnails
B010b,pixabay,151194,https://pixabay.com/videos/id-151194/,https://cdn.pixabay.com/video/2023/02/18/151194-800210466_large.mp4,1920,1080,19,0.5,ghasoub,old couple table,Pixabay only (Pexels not searched). Chosen by eye from search thumbnails
B010c,pixabay,,,,,,,,,,No suitable Pixabay clip found; needs manual stock or Pexels
B011,pixabay,,,,,,,,,,No suitable Pixabay clip found; needs manual stock or Pexels
B012a,pixabay,20274,https://pixabay.com/videos/id-20274/,https://cdn.pixabay.com/video/2018/12/26/20274-308335580_large.mp4,1920,1080,11,0.5,Matthias_Groeneveld,cracked wall,Pixabay only (Pexels not searched). Chosen by eye from search thumbnails
B012b,pixabay,,,,,,,,,,No suitable Pixabay clip found; needs manual stock or Pexels
B012c,pixabay,,,,,,,,,,No suitable Pixabay clip found; needs manual stock or Pexels
B013,pixabay,34485,https://pixabay.com/videos/id-34485/,https://cdn.pixabay.com/video/2020/03/29/34485-402606951_large.mp4,1920,1080,36,0.5,rec_muns,laptop learning,Pixabay only (Pexels not searched). Chosen by eye from search thumbnails
B014a,pixabay,,,,,,,,,,No suitable Pixabay clip found; needs manual stock or Pexels
B014b,pixabay,,,,,,,,,,No suitable Pixabay clip found; needs manual stock or Pexels
B015,pixabay,,,,,,,,,,No suitable Pixabay clip found; needs manual stock or Pexels
B016a,pixabay,,,,,,,,,,No suitable Pixabay clip found; needs manual stock or Pexels
B016b,pixabay,,,,,,,,,,No suitable Pixabay clip found; needs manual stock or Pexels
B016c,pixabay,,,,,,,,,,No suitable Pixabay clip found; needs manual stock or Pexels
B017,pixabay,84005,https://pixabay.com/videos/id-84005/,https://cdn.pixabay.com/video/2021/08/05/84005-584870917_large.mp4,1920,1080,18,0.5,Oliver_GR,grandfather reading,Pixabay only (Pexels not searched). Chosen by eye from search thumbnails
B018a,pixabay,168485,https://pixabay.com/videos/id-168485/,https://cdn.pixabay.com/video/2023/06/23/168485-839220701_large.mp4,1920,1080,19,0.5,riaz-baloch,tripod phone,Pixabay only (Pexels not searched). Chosen by eye from search thumbnails
B018b,pixabay,215500,https://pixabay.com/videos/id-215500/,https://cdn.pixabay.com/video/2024/06/06/215500_large.mp4,1920,1080,15,0.5,riaz-baloch,chatbot,Pixabay only (Pexels not searched). Chosen by eye from search thumbnails
B018c,pixabay,183108,https://pixabay.com/videos/id-183108/,https://cdn.pixabay.com/video/2023/10/01/183108-870151713_large.mp4,1920,1080,15,0.5,riaz-baloch,grandfather laptop,Pixabay only (Pexels not searched). Chosen by eye from search thumbnails
B019,pixabay,,,,,,,,,,No suitable Pixabay clip found; needs manual stock or Pexels
B020,pixabay,,,,,,,,,,No suitable Pixabay clip found; needs manual stock or Pexels
B021a,pixabay,4729,https://pixabay.com/videos/id-4729/,https://cdn.pixabay.com/video/2016/08/22/4729-179738647_large.mp4,1920,1080,14,0.5,Coverr-Free-Footage,carpenter,Pixabay only (Pexels not searched). Chosen by eye from search thumbnails
B021b,pixabay,4728,https://pixabay.com/videos/id-4728/,https://cdn.pixabay.com/video/2016/08/22/4728-179738645_large.mp4,1920,1080,15,0.5,Coverr-Free-Footage,carpenter,Pixabay only (Pexels not searched). Chosen by eye from search thumbnails
B021c,pixabay,106610,https://pixabay.com/videos/id-106610/,https://cdn.pixabay.com/video/2022/02/03/106610-673570392_large.mp4,2562,1440,8,0.5,Tolmachev_Alexander,man drilling,Pixabay only (Pexels not searched). Chosen by eye from search thumbnails
B022,pixabay,14476,https://pixabay.com/videos/id-14476/,https://cdn.pixabay.com/video/2018/02/24/14476-257440741_large.mp4,3840,2160,11,0.5,wastedgeneration,grandmother home,Pixabay only (Pexels not searched). Chosen by eye from search thumbnails
B023a,pixabay,273927,https://pixabay.com/videos/id-273927/,https://cdn.pixabay.com/video/2025/04/23/273927_large.mp4,1920,1080,18,0.5,DespiertaYa,grandfather laptop,Pixabay only (Pexels not searched). Chosen by eye from search thumbnails
B023b,pixabay,1028,https://pixabay.com/videos/id-1028/,https://cdn.pixabay.com/video/2015/10/16/1028-142624363_large.mp4,1920,1080,12,0.5,Coverr-Free-Footage,laptop shopping,Pixabay only (Pexels not searched). Chosen by eye from search thumbnails
B024a,pixabay,,,,,,,,,,No suitable Pixabay clip found; needs manual stock or Pexels
B024b,pixabay,,,,,,,,,,No suitable Pixabay clip found; needs manual stock or Pexels
B025a,pixabay,,,,,,,,,,No suitable Pixabay clip found; needs manual stock or Pexels
B025b,pixabay,,,,,,,,,,No suitable Pixabay clip found; needs manual stock or Pexels
B025c,pixabay,,,,,,,,,,No suitable Pixabay clip found; needs manual stock or Pexels
B026a,pixabay,4504,https://pixabay.com/videos/id-4504/,https://cdn.pixabay.com/video/2016/08/16/4504-179376424_large.mp4,1920,1080,21,0.5,faxtastic,ladder,Pixabay only (Pexels not searched). Chosen by eye from search thumbnails
B026b,pixabay,,,,,,,,,,No suitable Pixabay clip found; needs manual stock or Pexels
B026c,pixabay,,,,,,,,,,No suitable Pixabay clip found; needs manual stock or Pexels
B027a,pixabay,3132,https://pixabay.com/videos/id-3132/,https://cdn.pixabay.com/video/2016/05/12/3132-166335897_large.mp4,1920,1080,33,0.5,Life-Of-Vids,client meeting,Pixabay only (Pexels not searched). Chosen by eye from search thumbnails
B027b,pixabay,1191,https://pixabay.com/videos/id-1191/,https://cdn.pixabay.com/video/2015/10/27/1191-143842658_large.mp4,1920,746,17,0.5,Vimeo-Free-Videos,furniture,Pixabay only (Pexels not searched). Chosen by eye from search thumbnails
B027c,pixabay,137265,https://pixabay.com/videos/id-137265/,https://cdn.pixabay.com/video/2022/10/31/137265-766326232_large.mp4,3840,2160,14,0.5,blackmarketmusic,neighbours talking,Pixabay only (Pexels not searched). Chosen by eye from search thumbnails
B028a,pixabay,131993,https://pixabay.com/videos/id-131993/,https://cdn.pixabay.com/video/2022/09/20/131993-751915314_large.mp4,1920,1080,23,0.5,Dx21,job seeker,Pixabay only (Pexels not searched). Chosen by eye from search thumbnails
B028b,pixabay,232538,https://pixabay.com/videos/id-232538/,https://cdn.pixabay.com/video/2024/09/21/232538_large.mp4,1920,1080,12,0.5,Darioguzben,nurse desk,Pixabay only (Pexels not searched). Chosen by eye from search thumbnails
B029a,pixabay,11253,https://pixabay.com/videos/id-11253/,https://cdn.pixabay.com/video/2017/08/09/11253-229053638_large.mp4,1920,1080,7,0.5,GreenCardShow,library books shelf,Pixabay only (Pexels not searched). Chosen by eye from search thumbnails
B029b,pixabay,11254,https://pixabay.com/videos/id-11254/,https://cdn.pixabay.com/video/2017/08/09/11254-229053639_large.mp4,1920,1080,8,0.5,GreenCardShow,library books shelf,Pixabay only (Pexels not searched). Chosen by eye from search thumbnails
B029c,pixabay,140587,https://pixabay.com/videos/id-140587/,https://cdn.pixabay.com/video/2022/11/26/140587-775389277_large.mp4,3840,2160,30,0.5,jadeallencook,elderly women learning,Pixabay only (Pexels not searched). Chosen by eye from search thumbnails
B030,pixabay,268230,https://pixabay.com/videos/id-268230/,https://cdn.pixabay.com/video/2025/03/28/268230_large.mp4,3840,2160,12,0.5,isuruzampa,office building,Pixabay only (Pexels not searched). Chosen by eye from search thumbnails
B031a,pixabay,197976,https://pixabay.com/videos/id-197976/,https://cdn.pixabay.com/video/2024/01/24/197976-906217215_large.mp4,1920,1080,9,0.5,EnchantedStudios,calendar months,Pixabay only (Pexels not searched). Chosen by eye from search thumbnails
B031b,pixabay,197974,https://pixabay.com/videos/id-197974/,https://cdn.pixabay.com/video/2024/01/24/197974-906217212_large.mp4,1920,1080,12,0.5,EnchantedStudios,calendar months,Pixabay only (Pexels not searched). Chosen by eye from search thumbnails
B031c,pixabay,,,,,,,,,,No suitable Pixabay clip found; needs manual stock or Pexels
B032,pixabay,286930,https://pixabay.com/videos/id-286930/,https://cdn.pixabay.com/video/2025/06/20/286930_large.mp4,1920,1080,10,0.5,seyhmuskino,calendar months,Pixabay only (Pexels not searched). Chosen by eye from search thumbnails
B033a,pixabay,293084,https://pixabay.com/videos/id-293084/,https://cdn.pixabay.com/video/2025/07/23/293084_large.mp4,1920,1080,20,0.5,RainMeditateHub,tax,Pixabay only (Pexels not searched). Chosen by eye from search thumbnails
B033b,pixabay,221506,https://pixabay.com/videos/id-221506/,https://cdn.pixabay.com/video/2024/07/16/221506_large.mp4,1920,1079,5,0.5,u_dwkxvkvwv8,taxes paperwork,Pixabay only (Pexels not searched). Chosen by eye from search thumbnails
B034a,pixabay,80314,https://pixabay.com/videos/id-80314/,https://cdn.pixabay.com/video/2021/07/05/80314-572395729_large.mp4,1920,1080,10,0.5,Kathanhero,nurse desk,Pixabay only (Pexels not searched). Chosen by eye from search thumbnails
B034b,pixabay,40811,https://pixabay.com/videos/id-40811/,https://cdn.pixabay.com/video/2020/06/01/40811-426920949_large.mp4,1920,1080,11,0.5,AlexKopeykin,tax,Pixabay only (Pexels not searched). Chosen by eye from search thumbnails
B034c,pixabay,,,,,,,,,,No suitable Pixabay clip found; needs manual stock or Pexels
B035a,pixabay,47158,https://pixabay.com/videos/id-47158/,https://cdn.pixabay.com/video/2020/08/14/47158-450995605_large.mp4,3840,2160,23,0.5,Engin_Akyurt,old woman laptop,Pixabay only (Pexels not searched). Chosen by eye from search thumbnails
B035b,pixabay,377601,https://pixabay.com/videos/id-377601/,https://cdn.pixabay.com/video/2026/09/19/377601_large.mp4,2048,1080,20,0.5,MuhammadAhmad10,senior man computer,Pixabay only (Pexels not searched). Chosen by eye from search thumbnails
B035c,pixabay,,,,,,,,,,No suitable Pixabay clip found; needs manual stock or Pexels
B036,pixabay,137186,https://pixabay.com/videos/id-137186/,https://cdn.pixabay.com/video/2022/10/31/137186-765701394_large.mp4,3840,2160,11,0.5,u_jorg73foes,nurse desk,Pixabay only (Pexels not searched). Chosen by eye from search thumbnails
B037a,pixabay,92480,https://pixabay.com/videos/id-92480/,https://cdn.pixabay.com/video/2021/10/18/92480-637690589_large.mp4,1920,1080,13,0.5,jamescheney82,online shopping laptop,Pixabay only (Pexels not searched). Chosen by eye from search thumbnails
B037b,pixabay,124254,https://pixabay.com/videos/id-124254/,https://cdn.pixabay.com/video/2022/07/15/124254-730503319_large.mp4,1920,1080,15,0.5,Amorn_mimi,senior computer,Pixabay only (Pexels not searched). Chosen by eye from search thumbnails
B037c,pixabay,3145,https://pixabay.com/videos/id-3145/,https://cdn.pixabay.com/video/2016/05/12/3145-166335957_large.mp4,1920,1080,43,0.5,Life-Of-Vids,grandfather laptop,Pixabay only (Pexels not searched). Chosen by eye from search thumbnails
B038a,pixabay,10822,https://pixabay.com/videos/id-10822/,https://cdn.pixabay.com/video/2017/07/23/10822-226624975_large.mp4,1920,1080,12,0.5,Coverr-Free-Footage,laptop shopping,Pixabay only (Pexels not searched). Chosen by eye from search thumbnails
B038b,pixabay,3160,https://pixabay.com/videos/id-3160/,https://cdn.pixabay.com/video/2016/05/12/3160-166338886_large.mp4,1920,1080,13,0.5,Coverr-Free-Footage,senior working desk,Pixabay only (Pexels not searched). Chosen by eye from search thumbnails
B038c,pixabay,130646,https://pixabay.com/videos/id-130646/,https://cdn.pixabay.com/video/2022/09/08/130646-747868367_large.mp4,3840,2160,19,0.5,SYG_Anime,senior working desk,Pixabay only (Pexels not searched). Chosen by eye from search thumbnails
B039,pixabay,,,,,,,,,,No suitable Pixabay clip found; needs manual stock or Pexels
B040a,pixabay,107573,https://pixabay.com/videos/id-107573/,https://cdn.pixabay.com/video/2022/02/13/107573-678540733_large.mp4,3840,2160,30,0.5,soundsrelaxing89,quiet bedroom,Pixabay only (Pexels not searched). Chosen by eye from search thumbnails
B040b,pixabay,172144,https://pixabay.com/videos/id-172144/,https://cdn.pixabay.com/video/2023/07/19/172144-846731218_large.mp4,1920,1080,30,0.5,briroseee,cluttered room,Pixabay only (Pexels not searched). Chosen by eye from search thumbnails
B040c,pixabay,39292,https://pixabay.com/videos/id-39292/,https://cdn.pixabay.com/video/2020/05/17/39292-422630811_large.mp4,1920,1080,13,0.5,CycleZyklusCiclo,calm bedroom morning,Pixabay only (Pexels not searched). Chosen by eye from search thumbnails
B041a,pixabay,,,,,,,,,,No suitable Pixabay clip found; needs manual stock or Pexels
B041b,pixabay,,,,,,,,,,No suitable Pixabay clip found; needs manual stock or Pexels
B041c,pixabay,,,,,,,,,,No suitable Pixabay clip found; needs manual stock or Pexels
B042a,pixabay,32937,https://pixabay.com/videos/id-32937/,https://cdn.pixabay.com/video/2020/02/27/32937-395456375_large.mp4,3840,2160,15,0.5,Stuck1,seniors waiting,Pixabay only (Pexels not searched). Chosen by eye from search thumbnails
B042b,pixabay,,,,,,,,,,No suitable Pixabay clip found; needs manual stock or Pexels
B043a,pixabay,,,,,,,,,,No suitable Pixabay clip found; needs manual stock or Pexels
B043b,pixabay,,,,,,,,,,No suitable Pixabay clip found; needs manual stock or Pexels
B043c,pixabay,,,,,,,,,,No suitable Pixabay clip found; needs manual stock or Pexels
B044,pixabay,,,,,,,,,,No suitable Pixabay clip found; needs manual stock or Pexels
B045a,pixabay,239278,https://pixabay.com/videos/id-239278/,https://cdn.pixabay.com/video/2024/10/31/239278_large.mp4,3840,2160,18,0.5,InOldNews,washington dc,Pixabay only (Pexels not searched). Chosen by eye from search thumbnails
B045b,pixabay,30500,https://pixabay.com/videos/id-30500/,https://cdn.pixabay.com/video/2019/12/23/30500-381526155_large.mp4,1920,1080,7,0.5,3632036,capitol building,Pixabay only (Pexels not searched). Chosen by eye from search thumbnails
B045c,pixabay,30498,https://pixabay.com/videos/id-30498/,https://cdn.pixabay.com/video/2019/12/23/30498-381526151_large.mp4,1920,1080,36,0.5,3632036,capitol building,Pixabay only (Pexels not searched). Chosen by eye from search thumbnails
B046a,pixabay,10836,https://pixabay.com/videos/id-10836/,https://cdn.pixabay.com/video/2017/07/23/10836-226625000_large.mp4,1920,1080,16,0.5,Coverr-Free-Footage,broadway theater,Pixabay only (Pexels not searched). Chosen by eye from search thumbnails
B046b,pixabay,320,https://pixabay.com/videos/id-320/,https://cdn.pixabay.com/video/2015/08/11/320-135989968_large.mp4,1728,1080,10,0.5,Vimeo-Free-Videos,cinema,Pixabay only (Pexels not searched). Chosen by eye from search thumbnails
B046c,pixabay,,,,,,,,,,No suitable Pixabay clip found; needs manual stock or Pexels
B047,pixabay,142641,https://pixabay.com/videos/id-142641/,https://cdn.pixabay.com/video/2022/12/12/142641-780599369_large.mp4,3840,2160,8,0.5,u_etjkkdz15b,tripod phone,Pixabay only (Pexels not searched). Chosen by eye from search thumbnails
B048a,pixabay,127943,https://pixabay.com/videos/id-127943/,https://cdn.pixabay.com/video/2022/08/15/127943-739712358_large.mp4,3840,2160,18,0.5,NickyPe,senior man,Pixabay only (Pexels not searched). Chosen by eye from search thumbnails
B048b,pixabay,10874,https://pixabay.com/videos/id-10874/,https://cdn.pixabay.com/video/2017/07/23/10874-226635348_large.mp4,1920,1080,45,0.5,Life-Of-Vids,seniors waiting,Pixabay only (Pexels not searched). Chosen by eye from search thumbnails
B048c,pixabay,,,,,,,,,,No suitable Pixabay clip found; needs manual stock or Pexels
B049a,pixabay,427,https://pixabay.com/videos/id-427/,https://cdn.pixabay.com/video/2015/08/13/427-136184291_large.mp4,1920,1080,21,0.5,Vimeo-Free-Videos,umbrellas,Pixabay only (Pexels not searched). Chosen by eye from search thumbnails
B049b,pixabay,339586,https://pixabay.com/videos/id-339586/,https://cdn.pixabay.com/video/2026/03/11/339586_large.mp4,3872,2160,5,0.5,Solarselle77,people umbrellas rain,Pixabay only (Pexels not searched). Chosen by eye from search thumbnails
B050a,pixabay,59535,https://pixabay.com/videos/id-59535/,https://cdn.pixabay.com/video/2020/12/17/59535-493622593_large.mp4,3840,2160,58,0.5,Engin_Akyurt,storm waves wind,Pixabay only (Pexels not searched). Chosen by eye from search thumbnails
B050b,pixabay,200244,https://pixabay.com/videos/id-200244/,https://cdn.pixabay.com/video/2024/02/12/200244-912370046_large.mp4,3840,2160,29,0.5,harrisonmiller,storm waves wind,Pixabay only (Pexels not searched). Chosen by eye from search thumbnails
B051a,pixabay,12437,https://pixabay.com/videos/id-12437/,https://cdn.pixabay.com/video/2017/10/12/12437-238795767_large.mp4,1920,1080,17,0.5,roofimages,contractor,Pixabay only (Pexels not searched). Chosen by eye from search thumbnails
B051b,pixabay,214661,https://pixabay.com/videos/id-214661/,https://cdn.pixabay.com/video/2024/05/31/214661_large.mp4,3840,2160,11,0.5,LadislavBur,roof inspector,Pixabay only (Pexels not searched). Chosen by eye from search thumbnails
B051c,pixabay,39331,https://pixabay.com/videos/id-39331/,https://cdn.pixabay.com/video/2020/05/17/39331-422620742_large.mp4,1920,1080,16,0.5,TuJardínDesdeCero,hail damage roof,Pixabay only (Pexels not searched). Chosen by eye from search thumbnails
B052a,pixabay,8357,https://pixabay.com/videos/id-8357/,https://cdn.pixabay.com/video/2017/03/12/8357-208052048_large.mp4,1920,1080,42,0.5,Matthias_Groeneveld,driving truck,Pixabay only (Pexels not searched). Chosen by eye from search thumbnails
B052b,pixabay,47516,https://pixabay.com/videos/id-47516/,https://cdn.pixabay.com/video/2020/08/18/47516-451623701_large.mp4,2560,1440,11,0.5,LadislavBur,pickup truck road,Pixabay only (Pexels not searched). Chosen by eye from search thumbnails
B053a,pixabay,214409,https://pixabay.com/videos/id-214409/,https://cdn.pixabay.com/video/2024/05/29/214409_large.mp4,3840,2160,50,0.5,TonyDias7,weather map,Pixabay only (Pexels not searched). Chosen by eye from search thumbnails
B053b,pixabay,2625,https://pixabay.com/videos/id-2625/,https://cdn.pixabay.com/video/2016/04/01/2625-161232147_large.mp4,1920,1080,28,0.5,jLasWilson,blue sky,Pixabay only (Pexels not searched). Chosen by eye from search thumbnails
B053c,pixabay,2142,https://pixabay.com/videos/id-2142/,https://cdn.pixabay.com/video/2016/02/13/2142-155246338_large.mp4,1920,1080,36,0.5,FindingFootage,blue sky,Pixabay only (Pexels not searched). Chosen by eye from search thumbnails
B054a,pixabay,158618,https://pixabay.com/videos/id-158618/,https://cdn.pixabay.com/video/2023/04/12/158618-817153712_large.mp4,3840,2160,34,0.5,aso_2003,taking exam,Pixabay only (Pexels not searched). Chosen by eye from search thumbnails
B054b,pixabay,50326,https://pixabay.com/videos/id-50326/,https://cdn.pixabay.com/video/2020/09/19/50326-460279129_large.mp4,1920,1080,10,0.5,Exceptional_3D,fingerprint scanner,Pixabay only (Pexels not searched). Chosen by eye from search thumbnails
B055,pixabay,34407,https://pixabay.com/videos/id-34407/,https://cdn.pixabay.com/video/2020/03/27/34407-402333364_large.mp4,1920,1080,19,0.5,Emilioamador16,online class,Pixabay only (Pexels not searched). Chosen by eye from search thumbnails
B056a,pixabay,215751,https://pixabay.com/videos/id-215751/,https://cdn.pixabay.com/video/2024/06/07/215751_large.mp4,2560,1440,18,0.5,G3Remote,hr manager,Pixabay only (Pexels not searched). Chosen by eye from search thumbnails
B056b,pixabay,42305,https://pixabay.com/videos/id-42305/,https://cdn.pixabay.com/video/2020/06/16/42305-431511171_large.mp4,1920,1080,15,0.5,CycleZyklusCiclo,senior man computer,Pixabay only (Pexels not searched). Chosen by eye from search thumbnails
B056c,pixabay,19454,https://pixabay.com/videos/id-19454/,https://cdn.pixabay.com/video/2018/11/21/19454-302196093_large.mp4,1920,1080,20,0.5,andrepazleal,mature man office desk,Pixabay only (Pexels not searched). Chosen by eye from search thumbnails
B057a,pixabay,13000,https://pixabay.com/videos/id-13000/,https://cdn.pixabay.com/video/2017/11/17/13000-243739848_large.mp4,1920,1080,7,0.5,Joyvideo123,water damage,Pixabay only (Pexels not searched). Chosen by eye from search thumbnails
B057b,pixabay,135765,https://pixabay.com/videos/id-135765/,https://cdn.pixabay.com/video/2022/10/20/135765-764361819_large.mp4,3840,2160,11,0.5,TravelingOnTheGoYoutubeCh,flood house,Pixabay only (Pexels not searched). Chosen by eye from search thumbnails
B057c,pixabay,209973,https://pixabay.com/videos/id-209973/,https://cdn.pixabay.com/video/2024/04/29/209973_large.mp4,3840,2160,14,0.5,danielp87,roof drone,Pixabay only (Pexels not searched). Chosen by eye from search thumbnails
B058a,pixabay,229069,https://pixabay.com/videos/id-229069/,https://cdn.pixabay.com/video/2024/08/31/229069_large.mp4,3840,2160,18,0.5,Amorn_mimi,seniors waiting,Pixabay only (Pexels not searched). Chosen by eye from search thumbnails
B058b,pixabay,198901,https://pixabay.com/videos/id-198901/,https://cdn.pixabay.com/video/2024/02/02/198901-909564558_large.mp4,3840,2160,14,0.5,Roque_dg,legal papers,Pixabay only (Pexels not searched). Chosen by eye from search thumbnails
B058c,pixabay,29886,https://pixabay.com/videos/id-29886/,https://cdn.pixabay.com/video/2019/12/06/29886-378294346_large.mp4,1920,1080,24,0.5,conolan,laptop buying,Pixabay only (Pexels not searched). Chosen by eye from search thumbnails
B059a,pixabay,198898,https://pixabay.com/videos/id-198898/,https://cdn.pixabay.com/video/2024/02/02/198898-909564555_large.mp4,3840,2160,28,0.5,Roque_dg,garage sale,Pixabay only (Pexels not searched). Chosen by eye from search thumbnails
B059b,pixabay,87592,https://pixabay.com/videos/id-87592/,https://cdn.pixabay.com/video/2021/09/05/87592-602317646_large.mp4,3840,2160,21,0.5,oybekostanov,medical office,Pixabay only (Pexels not searched). Chosen by eye from search thumbnails
B060a,pixabay,198890,https://pixabay.com/videos/id-198890/,https://cdn.pixabay.com/video/2024/02/02/198890-909564521_large.mp4,3840,2160,11,0.5,Roque_dg,legal papers,Pixabay only (Pexels not searched). Chosen by eye from search thumbnails
B060b,pixabay,212508,https://pixabay.com/videos/id-212508/,https://cdn.pixabay.com/video/2024/05/18/212508_large.mp4,1920,1080,36,0.5,MaxMedyk,gavel documents,Pixabay only (Pexels not searched). Chosen by eye from search thumbnails
B060c,pixabay,13477,https://pixabay.com/videos/id-13477/,https://cdn.pixabay.com/video/2017/12/19/13477-248644896_large.mp4,1920,1080,8,0.5,andrepazleal,senior bank,Pixabay only (Pexels not searched). Chosen by eye from search thumbnails
B061a,pixabay,33632,https://pixabay.com/videos/id-33632/,https://cdn.pixabay.com/video/2020/03/13/33632-398856307_large.mp4,1920,1080,15,0.5,nassimohmd,training class,Pixabay only (Pexels not searched). Chosen by eye from search thumbnails
B061b,pixabay,11862,https://pixabay.com/videos/id-11862/,https://cdn.pixabay.com/video/2017/09/08/11862-233049431_large.mp4,1920,1080,23,0.5,chayka1270,helping,Pixabay only (Pexels not searched). Chosen by eye from search thumbnails
B061c,pixabay,122138,https://pixabay.com/videos/id-122138/,https://cdn.pixabay.com/video/2022/06/26/122138-724732648_large.mp4,1920,1080,20,0.5,olenchic,fingerprint scanner,Pixabay only (Pexels not searched). Chosen by eye from search thumbnails
B062a,pixabay,198888,https://pixabay.com/videos/id-198888/,https://cdn.pixabay.com/video/2024/02/02/198888-909564511_large.mp4,3840,2160,10,0.5,Roque_dg,grandmother home,Pixabay only (Pexels not searched). Chosen by eye from search thumbnails
B062b,pixabay,17257,https://pixabay.com/videos/id-17257/,https://cdn.pixabay.com/video/2018/07/12/17257-280036012_large.mp4,3840,2160,8,0.5,LionFive,court paper,Pixabay only (Pexels not searched). Chosen by eye from search thumbnails
B062c,pixabay,87146,https://pixabay.com/videos/id-87146/,https://cdn.pixabay.com/video/2021/09/01/87146-601076915_large.mp4,1920,1080,6,0.5,tolomedia43,clapping office,Pixabay only (Pexels not searched). Chosen by eye from search thumbnails
B063a,pixabay,210783,https://pixabay.com/videos/id-210783/,https://cdn.pixabay.com/video/2024/05/05/210783_large.mp4,3840,2160,24,0.5,Matthias_Groeneveld,yard sale,Pixabay only (Pexels not searched). Chosen by eye from search thumbnails
B063b,pixabay,,,,,,,,,,No suitable Pixabay clip found; needs manual stock or Pexels
B063c,pixabay,,,,,,,,,,No suitable Pixabay clip found; needs manual stock or Pexels
B064,pixabay,993,https://pixabay.com/videos/id-993/,https://cdn.pixabay.com/video/2015/10/16/993-142621122_large.mp4,1920,1080,14,0.5,Coverr-Free-Footage,price tag,Pixabay only (Pexels not searched). Chosen by eye from search thumbnails
B065a,pixabay,,,,,,,,,,No suitable Pixabay clip found; needs manual stock or Pexels
B065b,pixabay,,,,,,,,,,No suitable Pixabay clip found; needs manual stock or Pexels
B066a,pixabay,2988,https://pixabay.com/videos/id-2988/,https://cdn.pixabay.com/video/2016/05/03/2988-165221419_large.mp4,1920,1080,12,0.5,starroom,ecommerce,Pixabay only (Pexels not searched). Chosen by eye from search thumbnails
B066b,pixabay,,,,,,,,,,No suitable Pixabay clip found; needs manual stock or Pexels
B066c,pixabay,,,,,,,,,,No suitable Pixabay clip found; needs manual stock or Pexels
B067a,pixabay,115324,https://pixabay.com/videos/id-115324/,https://cdn.pixabay.com/video/2022/04/27/115324-704347593_large.mp4,3840,2160,12,0.5,AttilaPergel,old photos,Pixabay only (Pexels not searched). Chosen by eye from search thumbnails
B067b,pixabay,117048,https://pixabay.com/videos/id-117048/,https://cdn.pixabay.com/video/2022/05/15/117048-710094912_large.mp4,3840,2160,51,0.5,Eartvideos,photo album,Pixabay only (Pexels not searched). Chosen by eye from search thumbnails
