id,in_tc,out_tc,in_sec,out_sec,duration_sec,type,on_screen,builds
MG01,00:00:01:11,00:00:05:26,1.366,5.866,4.500,FS,"$500 / an hour",""
MG02,00:00:06:14,00:00:12:12,6.466,12.400,5.934,FS,"$60 to $125 / an hour",""
MG03,00:00:17:24,00:00:22:24,17.800,22.800,5.000,FS,"9 part-time jobs for retirees",""
MG04,00:00:51:12,00:00:55:00,51.400,55.000,3.600,FS build,"Experience · Judgment · Patience · Trust","Experience @ +0.00s; Judgment @ +0.98s; Patience @ +1.97s; Trust @ +3.06s"
MG05,00:01:02:14,00:01:05:23,62.466,65.766,3.300,FS title,"1 / Your old job, new price",""
MG06,00:01:32:18,00:01:39:23,92.600,99.766,7.166,LT,"Old rate × 1.3 to 1.5",""
MG07,00:01:45:05,00:01:53:29,105.166,113.966,8.800,FS,"$48 → $94 per hour","$48 @ +0.00s; $94 (count up) @ +3.33s"
SC03,00:01:59:05,00:02:06:10,119.166,126.333,7.167,Source card,"Social Security Administration / 2026 limit: $24,480",""
MG08,00:02:06:15,00:02:17:00,126.500,137.000,10.500,LT,"Full retirement age / No earnings limit",""
SC02,00:02:37:14,00:02:41:09,157.466,161.300,3.834,Source card,"SEAK Expert Witness Fee Survey / 1,600+ experts surveyed",""
MG09,00:02:41:12,00:02:57:20,161.400,177.666,16.266,FS build,"Review $450/hr · Deposition $500/hr · Retainer $3,000","Review $450/hr @ +2.28s; Deposition $500/hr @ +4.57s; Retainer $3,000 @ +12.17s"
MG10,00:03:04:13,00:03:11:13,184.433,191.433,7.000,LT,"95% never go to trial",""
MG11,00:03:15:25,00:03:25:07,195.833,205.233,9.400,FS build,"Legal nurse $150/hr vs floor nurse $33/hr","Legal nurse $125 to $150/hr @ +0.00s; Floor nurse $33/hr @ +6.53s"
SS01,00:03:29:26,00:03:36:06,209.866,216.200,6.334,Screenshot,"Scotty Kilmer channel (highlight subscriber count)",""
SC01,00:03:36:06,00:03:42:17,216.200,222.566,6.366,Source card,"Fox News / Made more in one month than in 40 years",""
SS02,00:03:42:24,00:03:49:06,222.800,229.200,6.400,Screenshot,"Chef Jean-Pierre channel (highlight subscriber count)",""
MG12,00:04:12:11,00:04:18:24,252.366,258.800,6.434,FS build,"Employee · Contractor · Expert · Teacher","Employee @ +1.45s; Contractor @ +2.17s; Expert @ +2.90s; Teacher @ +3.78s"
MG13,00:04:41:23,00:04:43:24,281.766,283.800,2.034,FS title,"2 / Handyman",""
SC04,00:04:47:17,00:04:57:05,287.566,297.166,9.600,Source card,"Thumbtack / Handyman: about $60 an hour",""
MG14,00:04:57:12,00:05:01:11,297.400,301.366,3.966,LT,"Average job $390",""
MG15,00:05:01:13,00:05:09:09,301.433,309.300,7.867,LT,"$130 minimum / under 30 minutes",""
MG16,00:05:12:01,00:05:23:15,312.033,323.500,11.467,FS,"Average home age 39 → 44 years","44 years @ +1.63s; was 39 @ +5.03s"
MG17,00:05:30:25,00:05:46:10,330.833,346.333,15.500,FS build,"State rules","Florida: under $2,500 @ +0.00s; Arizona: under $1,000 @ +5.20s; Texas: no handyman license @ +8.33s; Washington: register @ +11.07s"
MG18,00:05:53:06,00:06:01:14,353.200,361.466,8.266,LT,"$65/hr · 2 hour minimum",""
MG19,00:06:28:12,00:06:31:04,388.403,391.133,2.730,FS title,"3 / FINRA arbitrator",""
SC05,00:06:48:08,00:06:51:24,408.266,411.800,3.534,Source card,"FINRA / No legal or securities experience required",""
SC06,00:06:51:27,00:07:01:09,411.900,421.300,9.400,Source card build,"FINRA / $600 a day · $850 as chair · $300 per call","$600 a day @ +0.00s; $850 as chair @ +2.32s; $300 prehearing call @ +4.70s"
MG20,00:07:01:11,00:07:07:16,421.366,427.533,6.167,LT,"Degree + 5 years work / any field",""
MG21,00:07:36:17,00:07:46:15,456.566,466.500,9.934,FS build,"Average age 69 · 40% over 70 · 12% over 80","Average age 69 @ +0.00s; 40% over 70 @ +2.53s; 12% over 80 @ +4.76s"
MG22,00:07:48:26,00:07:55:15,468.866,475.500,6.634,LT,"1 or 2 cases a year",""
MG23,00:08:10:02,00:08:13:00,490.066,493.000,2.934,FS title,"4 / Seasonal tax preparer",""
MG24,00:08:20:08,00:08:33:28,500.266,513.933,13.667,FS build,"$240 × 150 returns = $36,000","$240 a return @ +0.00s; × 150 returns @ +4.60s; = $36,000 (count up) @ +7.63s"
MG25,00:08:36:27,00:08:42:08,516.900,522.266,5.366,LT,"$23.50 to $41 / per hour",""
SC07,00:08:52:17,00:09:03:29,532.566,543.966,11.400,Source card,"H&R Block / Income tax course: no tuition",""
MG26,00:09:04:02,00:09:12:02,544.066,552.066,8.000,LT,"PTIN $18.75",""
MG27,00:09:19:05,00:09:25:00,559.166,565.000,5.834,FS,"1 in 3 preparers over 55",""
SS03,00:09:39:01,00:09:46:02,579.033,586.066,7.033,Screenshot,"ClearValue Tax channel (highlight subscriber count)",""
MG28,00:10:05:15,00:10:13:05,605.500,613.166,7.666,LT,"Subscribe (button animation)",""
MG29,00:10:20:27,00:10:23:21,620.900,623.700,2.800,FS title,"5 / End-of-life doula",""
MG30,00:10:43:03,00:10:49:09,643.100,649.300,6.200,FS,"$85 an hour average",""
MG31,00:10:49:09,00:10:58:16,649.300,658.533,9.233,LT,"Packages $500 to $5,000",""
SS04,00:11:00:21,00:11:07:15,660.700,667.500,6.800,Screenshot,"Hospice Nurse Julie channel (highlight subscriber count)",""
SS05,00:11:07:17,00:11:15:03,667.566,675.100,7.534,Screenshot,"Dementia video (highlight view count)",""
SC08,00:11:38:13,00:11:50:09,698.433,710.300,11.867,Source card,"University of Vermont / End-of-life doula certificate: $895",""
MG32,00:11:59:20,00:12:02:16,719.666,722.533,2.867,FS title,"6 / Professional line stander",""
MG33,00:12:34:21,00:12:39:10,754.700,759.333,4.633,FS,"$27 an hour / to stand in line",""
MG34,00:13:17:18,00:13:21:03,797.600,801.100,3.500,FS title,"7 / Catastrophe adjuster",""
MG35,00:13:44:12,00:13:51:15,824.400,831.500,7.100,FS build,"$230 to $290 a claim · 4 claims = $1,000 a day","$230 to $290 a claim @ +0.00s; 4 claims = $1,000 a day @ +4.17s"
MG36,00:13:51:19,00:13:57:22,831.633,837.733,6.100,LT,"$40K to $100K a year",""
SC09,00:14:30:15,00:14:41:10,870.500,881.333,10.833,Source card,"Texas Department of Insurance / Emergency adjuster license: 90 days",""
MG37,00:14:50:09,00:15:01:15,890.300,901.500,11.200,LT,"1 in 4 already over 55",""
SS06,00:15:01:19,00:15:09:20,901.633,909.666,8.033,Screenshot,"Adjuster TV channel or six figures video",""
MG38,00:15:20:24,00:15:25:12,920.800,925.400,4.600,FS title,"8 / Professional fiduciary",""
MG39,00:15:40:09,00:15:48:16,940.300,948.533,8.233,FS,"$145 to $225 an hour",""
SC10,00:15:56:11,00:16:03:17,956.366,963.566,7.200,Source card,"ProPublica / New York short of guardians for 30,000 people",""
MG40,00:17:08:08,00:17:11:05,1028.266,1031.166,2.900,FS title,"9 / Estate sale liquidator",""
SC11,00:17:29:17,00:17:37:29,1049.566,1057.966,8.400,Source card,"Estate sale industry survey / Average commission: 40%",""
MG41,00:17:38:05,00:17:47:03,1058.166,1067.100,8.934,FS build,"40% of $20,000 = $8,000","$20,000 sale @ +0.00s; × 40% @ +4.47s; = $8,000 (count up) @ +6.95s"
MG42,00:17:47:03,00:17:51:18,1067.100,1071.600,4.500,LT,"68% of owners over 55",""
MG43,00:18:00:03,00:18:06:26,1080.100,1086.866,6.766,FS,"$12 vs $1,200 (two vases)",""
MG44,00:18:30:10,00:18:45:03,1110.340,1125.100,14.760,FS build,"The 9 jobs list","Your old job, new price @ +1.23s; Handyman @ +3.23s; FINRA arbitrator @ +4.06s; Tax preparer @ +5.76s; End-of-life doula @ +6.56s; Line stander @ +8.44s; Catastrophe adjuster @ +9.80s; Professional fiduciary @ +11.16s; Estate sale liquidator @ +12.96s"
MG45,00:19:01:07,00:19:10:09,1141.233,1150.300,9.067,LT,"Subscribe + bell",""