in_tc,out_tc,in_sec,out_sec,layer,what_to_show,search_terms,overlay
00:00:00:00,00:00:01:11,0.000,1.366,Avatar,Opening line to camera,,
00:00:01:11,00:00:05:26,1.366,5.866,Full-screen graphic,MG01: $500 / an hour,,
00:00:06:14,00:00:12:12,6.466,12.400,Full-screen graphic,MG02: $60 to $125 / an hour,,
00:00:12:14,00:00:17:24,12.466,17.800,Avatar,"Hook: ""make you a little mad""",,
00:00:17:24,00:00:22:24,17.800,22.800,Full-screen graphic,MG03: 9 part-time jobs for retirees,,
00:00:22:25,00:00:28:09,22.833,28.300,B-roll,Older man reading job listings on laptop,senior job search,
00:00:28:09,00:00:36:08,28.300,36.266,Avatar,"""These are jobs that actually prefer them""",,
00:00:36:08,00:00:47:02,36.266,47.066,B-roll,"Older applicant in job interview, young interviewer",age discrimination hiring,
00:00:47:02,00:00:51:12,47.066,51.400,B-roll,Close up of experienced craftsman hands at work,senior worker hands,
00:00:51:12,00:00:55:00,51.400,55.000,Full-screen graphic,MG04: Experience · Judgment · Patience · Trust,,
00:00:55:03,00:01:02:14,55.100,62.466,Avatar,"""Let's get into it""",,
00:01:02:14,00:01:05:23,62.466,65.766,Full-screen graphic,"MG05: 1 / Your old job, new price",,
00:01:06:00,00:01:13:13,66.000,73.433,B-roll,"Office retirement party, cake, handshake",retirement celebration office,
00:01:13:13,00:01:21:17,73.433,81.566,B-roll,"Young employee confused at computer, error on screen",frustrated office worker report,
00:01:21:17,00:01:27:07,81.566,87.233,B-roll,"Retired man answering phone at home, smiling",senior phone call home,
00:01:27:07,00:01:32:18,87.233,92.600,B-roll,Older consultant walking into office with bag,senior consultant business,
00:01:32:18,00:01:45:05,92.600,105.166,B-roll,Hands on calculator with paycheck,calculating hourly rate,MG06
00:01:45:05,00:01:53:29,105.166,113.966,Full-screen graphic,MG07: $48 → $94 per hour,,
00:01:53:29,00:01:57:15,113.966,117.500,Avatar,Objection: Social Security,,
00:01:57:15,00:01:59:05,117.500,119.166,B-roll,Social Security card and check,social security benefits,
00:01:59:05,00:02:06:10,119.166,126.333,Full-screen graphic,"SC03: Social Security Administration / 2026 limit: $24,480",,
00:02:06:15,00:02:17:02,126.500,137.066,B-roll,Senior couple reviewing finances at kitchen table,retirement finances,MG08
00:02:17:02,00:02:21:01,137.066,141.033,B-roll,Older woman on phone with paperwork,pension phone call,
00:02:21:01,00:02:26:09,141.033,146.300,Avatar,"""It is called being an expert witness""",,
00:02:26:09,00:02:37:14,146.300,157.466,B-roll,"Cracked building wall, surgeon in operating room, accountant ledger, reading case file","building crack, surgery, audit",
00:02:37:14,00:02:41:09,157.466,161.300,Full-screen graphic,"SC02: SEAK Expert Witness Fee Survey / 1,600+ experts surveyed",,
00:02:41:12,00:02:57:20,161.400,177.666,Full-screen graphic,"MG09: Review $450/hr · Deposition $500/hr · Retainer $3,000",,
00:02:57:24,00:03:01:15,177.800,181.500,Avatar,"""If you are worried about freezing on the stand""",,
00:03:01:15,00:03:04:13,181.500,184.433,B-roll,Video call deposition on laptop,lawyer zoom meeting,
00:03:04:13,00:03:11:13,184.433,191.433,B-roll,Man reading documents at home desk,reviewing legal documents,MG10
00:03:11:13,00:03:15:25,191.433,195.833,B-roll,Nurse reviewing medical records,nurse paperwork office,
00:03:15:25,00:03:25:07,195.833,205.233,Full-screen graphic,MG11: Legal nurse $150/hr vs floor nurse $33/hr,,
00:03:25:07,00:03:29:26,205.233,209.866,Avatar,"""Teaching it on camera""",,
00:03:29:26,00:03:36:06,209.866,216.200,Screenshot card,SS01: Scotty Kilmer channel (highlight subscriber count),,
00:03:36:06,00:03:42:17,216.200,222.566,Full-screen graphic,SC01: Fox News / Made more in one month than in 40 years,,
00:03:42:24,00:03:49:06,222.800,229.200,Screenshot card,SS02: Chef Jean-Pierre channel (highlight subscriber count),,
00:03:49:17,00:03:55:11,229.566,235.366,Avatar,"""They found a new price for the one they already had""",,
00:03:55:11,00:04:09:13,235.366,249.433,B-roll,"Senior woman tutoring on video call, older man filming himself on phone tripod","online tutoring senior, recording video at home",
00:04:09:13,00:04:12:11,249.433,252.366,B-roll,Older hands turning pages of notebook,experience wisdom,
00:04:12:11,00:04:18:24,252.366,258.800,Full-screen graphic,MG12: Employee · Contractor · Expert · Teacher,,
00:04:18:26,00:04:28:18,258.866,268.600,B-roll,"Graduation caps thrown, AI interface on screen, modern office","college graduation, artificial intelligence work",
00:04:28:18,00:04:35:27,268.600,275.900,Avatar,"""Decades of real knowledge""",,
00:04:35:27,00:04:41:23,275.900,281.766,B-roll,Retired man opening garage toolbox,senior DIY garage,
00:04:41:23,00:04:43:24,281.766,283.800,Full-screen graphic,MG13: 2 / Handyman,,
00:04:44:00,00:04:47:17,284.000,287.566,B-roll,Handyman fixing neighbor's fence,handyman repair,
00:04:47:17,00:04:57:05,287.566,297.166,Full-screen graphic,SC04: Thumbtack / Handyman: about $60 an hour,,
00:04:57:12,00:05:09:17,297.400,309.566,B-roll,"Handyman with drill, handyman at customer's front door",handyman work,"MG14, MG15"
00:05:09:17,00:05:12:01,309.566,312.033,B-roll,Old suburban house exterior,old American house,
00:05:12:01,00:05:23:15,312.033,323.500,Full-screen graphic,MG16: Average home age 39 → 44 years,,
00:05:23:23,00:05:30:25,323.766,330.833,Avatar,Objection: contractor's license,,
00:05:30:25,00:05:46:10,330.833,346.333,Full-screen graphic,MG17: State rules,,
00:05:46:11,00:05:53:06,346.366,353.200,B-roll,Person watching tutorial on laptop,watching YouTube tutorial,
00:05:53:06,00:06:01:14,353.200,361.466,B-roll,Handyman writing a price estimate on clipboard,handyman estimate,MG18
00:06:01:14,00:06:13:12,361.466,373.400,B-roll,Elderly homeowner opening door to friendly older handyman,senior handyman visit,
00:06:13:12,00:06:14:20,373.400,374.666,Avatar,"""That is your edge""",,
00:06:14:20,00:06:24:19,374.666,384.633,B-roll,"Handyman carrying ladder, neighbors chatting over fence",word of mouth neighbors,
00:06:24:19,00:06:28:12,384.633,388.403,Avatar,"""The next job sounds like it needs a law degree""",,
00:06:28:12,00:06:31:04,388.403,391.133,Full-screen graphic,MG19: 3 / FINRA arbitrator,,
00:06:31:06,00:06:48:08,391.200,408.266,B-roll,"Conference room hearing, three people at table listening, two parties arguing over money","arbitration meeting, business dispute",
00:06:48:08,00:06:51:24,408.266,411.800,Full-screen graphic,SC05: FINRA / No legal or securities experience required,,
00:06:51:27,00:07:01:09,411.900,421.300,Full-screen graphic,SC06: FINRA / $600 a day · $850 as chair · $300 per call,,
00:07:01:11,00:07:07:25,421.366,427.833,B-roll,Diploma and resume on desk,resume job application,MG20
00:07:07:25,00:07:23:24,427.833,443.800,B-roll,"Librarian shelving books, accountant, panel of ordinary people","librarian, business meeting",
00:07:23:24,00:07:32:14,443.800,452.466,Avatar,"Objection: ""never went to law school""",,
00:07:32:14,00:07:36:17,452.466,456.566,B-roll,Senior professionals in a meeting,older business people meeting,
00:07:36:17,00:07:46:15,456.566,466.500,Full-screen graphic,MG21: Average age 69 · 40% over 70 · 12% over 80,,
00:07:46:19,00:08:04:11,466.633,484.366,B-roll,"Calendar pages, older arbitrator listening, handshake","calendar, trust handshake",MG22
00:08:04:11,00:08:10:02,484.366,490.066,B-roll,"Calendar January to April, returning customers",tax season calendar,
00:08:10:02,00:08:13:00,490.066,493.000,Full-screen graphic,MG23: 4 / Seasonal tax preparer,,
00:08:13:02,00:08:20:08,493.066,500.266,B-roll,Tax forms on desk,1040 tax form,
00:08:20:08,00:08:33:28,500.266,513.933,Full-screen graphic,"MG24: $240 × 150 returns = $36,000",,
00:08:33:29,00:08:49:24,513.966,529.800,B-roll,"Tax office storefront, preparer helping client, now hiring sign",tax preparation office,MG25
00:08:49:24,00:08:52:17,529.800,532.566,Avatar,"Objection: ""I don't know taxes""",,
00:08:52:17,00:09:03:29,532.566,543.966,Full-screen graphic,SC07: H&R Block / Income tax course: no tuition,,
00:09:04:02,00:09:17:09,544.066,557.300,B-roll,Senior studying course on laptop,online course older adult,MG26
00:09:17:09,00:09:19:05,557.300,559.166,B-roll,Older tax preparers at work,senior accountant office,
00:09:19:05,00:09:25:00,559.166,565.000,Full-screen graphic,MG27: 1 in 3 preparers over 55,,
00:09:25:02,00:09:39:01,565.066,579.033,B-roll,"Retiree working at laptop, Social Security check",retiree part time job,
00:09:39:01,00:09:46:02,579.033,586.066,Screenshot card,SS03: ClearValue Tax channel (highlight subscriber count),,
00:09:46:02,00:09:55:17,586.066,595.566,B-roll,Person watching tax tutorial on laptop,tax video online,
00:09:55:17,00:10:01:00,595.566,601.000,B-roll,Handshake with client at tax office,happy client handshake,
00:10:01:00,00:10:20:27,601.000,620.900,Avatar,"Mid subscribe ask, then ""the next job is a heavy one""",,MG28
00:10:20:27,00:10:23:21,620.900,623.700,Full-screen graphic,MG29: 5 / End-of-life doula,,
00:10:23:24,00:10:43:03,623.800,643.100,B-roll,"Quiet bedroom, family holding hands, caregiver at bedside, phone call (no patient faces)","hospice care home, caregiver comfort",
00:10:43:03,00:10:49:09,643.100,649.300,Full-screen graphic,MG30: $85 an hour average,,
00:10:49:09,00:10:58:19,649.300,658.633,B-roll,Caregiver holding elderly hand,comforting hand,MG31
00:10:58:19,00:11:00:21,658.633,660.700,Avatar,"""Who hires a stranger for this?""",,
00:11:00:21,00:11:07:15,660.700,667.500,Screenshot card,SS04: Hospice Nurse Julie channel (highlight subscriber count),,
00:11:07:17,00:11:15:03,667.566,675.100,Screenshot card,SS05: Dementia video (highlight view count),,
00:11:15:04,00:11:22:29,675.133,682.966,B-roll,Older women in a training class,senior women classroom,
00:11:22:29,00:11:38:13,682.966,698.433,B-roll,"Hospice volunteer with badge, volunteer comforting family",hospice volunteer,
00:11:38:13,00:11:50:09,698.433,710.300,Full-screen graphic,SC08: University of Vermont / End-of-life doula certificate: $895,,
00:11:50:09,00:11:54:24,710.300,714.800,B-roll,Doula comforting family member,compassionate support,
00:11:54:24,00:11:59:20,714.800,719.666,Avatar,"""The strangest one on this list""",,
00:11:59:20,00:12:02:16,719.666,722.533,Full-screen graphic,MG32: 6 / Professional line stander,,
00:12:02:19,00:12:20:10,722.633,740.333,B-roll,"US Capitol, hallway queue, people lining up at dawn","Capitol building, people waiting in line",
00:12:20:10,00:12:29:12,740.333,749.400,B-roll,"Broadway theater marquee, line outside theater",Broadway theater line,
00:12:29:12,00:12:34:21,749.400,754.700,B-roll,Person waiting in line checking phone,waiting in queue,
00:12:34:21,00:12:39:10,754.700,759.333,Full-screen graphic,MG33: $27 an hour / to stand in line,,
00:12:39:19,00:13:02:17,759.633,782.566,B-roll,"Older man standing in line smiling, folding chair, queue timelapse, comfortable shoes",senior waiting in line,
00:13:02:17,00:13:09:19,782.566,789.633,B-roll,"People in line in rain with umbrellas, dark early morning street",rain umbrella queue,
00:13:09:19,00:13:17:18,789.633,797.600,B-roll,Hurricane storm footage,hurricane wind rain,
00:13:17:18,00:13:21:03,797.600,801.100,Full-screen graphic,MG34: 7 / Catastrophe adjuster,,
00:13:21:06,00:13:44:12,801.200,824.400,B-roll,"Hail damaged roofs, insurance adjuster with clipboard and tablet",insurance adjuster inspection,
00:13:44:12,00:13:51:15,824.400,831.500,Full-screen graphic,"MG35: $230 to $290 a claim · 4 claims = $1,000 a day",,
00:13:51:19,00:13:57:27,831.633,837.900,B-roll,Adjuster driving truck between homes,insurance adjuster car,MG36
00:13:57:27,00:14:02:02,837.900,842.066,Avatar,"""No storm, no work""",,
00:14:02:02,00:14:22:05,842.066,862.166,B-roll,"Weather radar, calm blue sky, phone ringing on desk","weather radar, calm sky",
00:14:22:05,00:14:30:15,862.166,870.500,B-roll,"Exam room, fingerprint scanner","taking exam, fingerprinting",
00:14:30:15,00:14:41:10,870.500,881.333,Full-screen graphic,SC09: Texas Department of Insurance / Emergency adjuster license: 90 days,,
00:14:41:18,00:14:46:23,881.600,886.766,B-roll,Online course on laptop,online training,
00:14:46:23,00:14:50:09,886.766,890.300,Avatar,"""Not climbing roofs at 62?""",,
00:14:50:09,00:15:01:19,890.300,901.633,B-roll,Older adjuster working at desk,senior office worker,MG37
00:15:01:19,00:15:09:20,901.633,909.666,Screenshot card,SS06: Adjuster TV channel or six figures video,,
00:15:09:29,00:15:20:24,909.966,920.800,B-roll,"Water damage inspection indoors, drone over roof, courthouse exterior","water damage, roof drone, courthouse",
00:15:20:24,00:15:25:12,920.800,925.400,Full-screen graphic,MG38: 8 / Professional fiduciary,,
00:15:25:20,00:15:40:09,925.666,940.300,B-roll,"Elderly person with caregiver, judge gavel, paying bills, for sale sign","guardianship, gavel, home for sale",
00:15:40:09,00:15:48:16,940.300,948.533,Full-screen graphic,MG39: $145 to $225 an hour,,
00:15:48:19,00:15:56:11,948.633,956.366,B-roll,"Nonprofit office, social worker",nonprofit office,
00:15:56:11,00:16:03:17,956.366,963.566,Full-screen graphic,"SC10: ProPublica / New York short of guardians for 30,000 people",,
00:16:03:24,00:16:10:21,963.800,970.700,Avatar,Objection: judge and a stranger's savings,,
00:16:10:21,00:16:22:02,970.700,982.066,B-roll,"Banker, social worker, adult child helping elderly parent with paperwork",helping parent finances,
00:16:22:02,00:16:52:18,982.066,1012.600,B-roll,"Classroom, exam, fingerprint scanner, diploma","adult education class, certification",
00:16:52:18,00:17:02:23,1012.600,1022.766,B-roll,"Court documents, aging population crowd","court papers, elderly population",
00:17:02:23,00:17:08:08,1022.766,1028.266,Avatar,"""Your biggest asset""",,
00:17:08:08,00:17:11:05,1028.266,1031.166,Full-screen graphic,MG40: 9 / Estate sale liquidator,,
00:17:11:07,00:17:29:17,1031.233,1049.566,B-roll,"House full of belongings, moving boxes, price tags, estate sale shoppers","estate sale, moving boxes",
00:17:29:17,00:17:37:29,1049.566,1057.966,Full-screen graphic,SC11: Estate sale industry survey / Average commission: 40%,,
00:17:38:05,00:17:47:03,1058.166,1067.100,Full-screen graphic,"MG41: 40% of $20,000 = $8,000",,
00:17:47:03,00:17:51:23,1067.100,1071.766,B-roll,Estate sale owner pricing items,estate sale business,MG42
00:17:51:23,00:17:54:02,1071.766,1074.066,Avatar,"""Not carrying couches at 68?""",,
00:17:54:02,00:18:00:03,1074.066,1080.100,B-roll,Movers lifting couch,movers furniture,
00:18:00:03,00:18:06:26,1080.100,1086.866,Full-screen graphic,"MG43: $12 vs $1,200 (two vases)",,
00:18:06:26,00:18:19:17,1086.866,1099.566,B-roll,"Online auction on laptop, bidding",online auction,
00:18:19:17,00:18:28:15,1099.566,1108.500,B-roll,"Family looking at old photos, antiques on table","family memories, antiques",
00:18:28:15,00:18:30:10,1108.500,1110.340,Avatar,"""Someone a lot like you""",,
00:18:30:10,00:18:45:03,1110.340,1125.100,Full-screen graphic,MG44: The 9 jobs list,,
00:18:45:05,00:19:10:09,1125.166,1150.300,Avatar,Closing + end subscribe ask,,MG45
